{
    "eval_loss": 0.03472292795777321,
    "eval_accuracy": 0.9906523468575974,
    "eval_f1": 0.9929728382756043,
    "eval_precision": 0.993715710723192,
    "eval_recall": 0.9922310756972111,
    "eval_runtime": 20.4992,
    "eval_samples_per_second": 735.833,
    "eval_steps_per_second": 11.513,
    "epoch": 1.0
}