{
    "eval_loss": 0.0082026282325387,
    "eval_accuracy": 0.9975564753403481,
    "eval_f1": 0.9976866059204004,
    "eval_precision": 0.9984879984879985,
    "eval_recall": 0.996886498726295,
    "eval_runtime": 19.2699,
    "eval_samples_per_second": 2081.277,
    "eval_steps_per_second": 16.295,
    "epoch": 1.0
}